<group-properties xmlns="http://marklogic.com/manage">
  <group-name>Default</group-name>
  <!-- Note that when ml-gradle sees any element/field in a group payload that contains "cache-size", it will wait for MarkLogic 
    to restart, as cache size changes force a restart -->
  <list-cache-size>%%LIST_CACHE_SIZE%%</list-cache-size>
  <audit>
  <audit-enabled>true</audit-enabled>
  <rotate-audit-files>%%ROTATE_AUDIT_FILES%%</rotate-audit-files>
  <keep-audit-files>%%KEEP_AUDIT_FILES%%</keep-audit-files>
  <audit-events>
	<audit-event>
		<audit-event-name>document-insert</audit-event-name>
		<audit-event-enabled>true</audit-event-enabled>
	</audit-event>
	<audit-event>
		<audit-event-name>document-read</audit-event-name>
		<audit-event-enabled>true</audit-event-enabled>
	</audit-event>
	<audit-event>
		<audit-event-name>document-update</audit-event-name>
		<audit-event-enabled>true</audit-event-enabled>
	</audit-event>	
	<audit-event>
		<audit-event-name>external-authentication-failure</audit-event-name>
		<audit-event-enabled>true</audit-event-enabled>
	</audit-event>
	<audit-event>
		<audit-event-name>no-permission</audit-event-name>
		<audit-event-enabled>true</audit-event-enabled>
	</audit-event>	
	<audit-event>
		<audit-event-name>LDAP-client-authentication-failure</audit-event-name>
		<audit-event-enabled>false</audit-event-enabled>
	</audit-event>
	<audit-event>
		<audit-event-name>HTTP-client-authentication-failure</audit-event-name>
		<audit-event-enabled>true</audit-event-enabled>
	</audit-event>		
	<audit-event>
		<audit-event-name>SQL</audit-event-name>
		<audit-event-enabled>true</audit-event-enabled>		
	</audit-event>
	<audit-event>
		<audit-event-name>security-access</audit-event-name>
		<audit-event-enabled>true</audit-event-enabled>		
	</audit-event>	
	<audit-event>
		<audit-event-name>user-configuration-change</audit-event-name>
		<audit-event-enabled>true</audit-event-enabled>		
	</audit-event>
	<audit-event>
		<audit-event-name>user-role-addition</audit-event-name>
		<audit-event-enabled>true</audit-event-enabled>		
	</audit-event>
	<audit-event>
		<audit-event-name>FIPS-Disabled</audit-event-name>
		<audit-event-enabled>true</audit-event-enabled>		
	</audit-event>	
	<audit-event>
		<audit-event-name>FIPS-Enabled</audit-event-name>
		<audit-event-enabled>true</audit-event-enabled>		
	</audit-event>		
	<audit-event>
		<audit-event-name>user-role-removal</audit-event-name>
		<audit-event-enabled>true</audit-event-enabled>		
	</audit-event>	
	<audit-event>
		<audit-event-name>amp-usage</audit-event-name>
		<audit-event-enabled>true</audit-event-enabled>		
	</audit-event>
	<audit-event>
		<audit-event-name>eval</audit-event-name>
		<audit-event-enabled>true</audit-event-enabled>		
	</audit-event>
	<audit-event>
		<audit-event-name>audit-configuration-change</audit-event-name>
		<audit-event-enabled>true</audit-event-enabled>		
	</audit-event>
	<audit-event>
		<audit-event-name>permission-change</audit-event-name>
		<audit-event-enabled>true</audit-event-enabled>		
	</audit-event>	
	<audit-event>
		<audit-event-name>configuration-change</audit-event-name>
		<audit-event-enabled>true</audit-event-enabled>		
	</audit-event>	
  </audit-events>
  <audit-restrictions>
	<audit-restriction>
		<audit-restriction-name>outcome</audit-restriction-name>
		<audit-restriction-type>exclusion</audit-restriction-type>
		<audit-restriction-items>both</audit-restriction-items>
	</audit-restriction>
  </audit-restrictions>
  </audit>
</group-properties>