<database-properties>
	<database-name>Security</database-name>
	<data-encryption>%%DATA_ENCRYPTION%%</data-encryption>
	<database-backups>
	<database-backup>
		<backup-enabled>true</backup-enabled>
		<backup-directory>%%BKUP_DIRECTORY%%\Security</backup-directory>
		<backup-type>hourly</backup-type>
		<backup-period>8</backup-period>
		<backup-days/>
		<backup-start-time>00:00:00-05:00</backup-start-time>
		<backup-timestamp>2019-03-13T22:39:11.3581731-05:00</backup-timestamp>
		<max-backups>2</max-backups>
		<backup-security-database>true</backup-security-database>
		<backup-schemas-database>true</backup-schemas-database>
		<backup-triggers-database>true</backup-triggers-database>
		<include-replicas>true</include-replicas>
		<incremental-backup>false</incremental-backup>
		<journal-archiving>false</journal-archiving>
		<journal-archive-path/>
		<journal-archive-lag-limit>15</journal-archive-lag-limit>
	</database-backup>
</database-backups>
</database-properties>