<external-security-properties xmlns="http://marklogic.com/manage">
  <external-security-name>%%LDAP_SECURITY_NAME%%</external-security-name>
  <description>%%LDAP_SECURITY_DESCRIPTION%%</description>
  <authentication>ldap</authentication>
  <cache-timeout>%%CACHE_TIMEOUT%%</cache-timeout>
  <authorization>ldap</authorization>
  <ldap-server>
    <ldap-server-uri>%%LDAP_URI%%</ldap-server-uri>
    <ldap-base>%%LDAP_BASE%%</ldap-base>
    <ldap-attribute>%%LDAP_ATTRIBUTE%%</ldap-attribute>
    <ldap-default-user>%%LDAP_DEFAULT_USER%%</ldap-default-user>
    <ldap-password>%%LDAP_DEFAULT_USER_PASSWORD%%</ldap-password>
    <ldap-bind-method>simple</ldap-bind-method>
    <ldap-nested-lookup>%%LDAP_NESTED_LOOKUP%%</ldap-nested-lookup>
  </ldap-server>
  </external-security-properties>
